{
  "_note1": "KEEP THIS FILE! Check it into a version control system (VCS) like git.",
  "_note2": "ObjectBox manages crucial IDs for your object model. See docs for details.",
  "_note3": "If you have VCS merge conflicts, you must resolve them according to ObjectBox docs.",
  "entities": [
    {
      "id": "1:8545207845013479679",
      "lastPropertyId": "17:1344865564871643261",
      "name": "ChatModel",
      "properties": [
        {
          "id": "1:6787654913477320832",
          "name": "id",
          "type": 6,
          "flags": 1
        },
        {
          "id": "2:1551803597755199288",
          "name": "idChat",
          "type": 6
        },
        {
          "id": "3:5438929904957573701",
          "name": "idChatFriends",
          "type": 6
        },
        {
          "id": "4:3874054106611177564",
          "name": "idSender",
          "type": 6
        },
        {
          "id": "5:3226758187122381575",
          "name": "idReceiver",
          "type": 6
        },
        {
          "id": "6:8959784928608343338",
          "name": "idReceiversGroup",
          "type": 9
        },
        {
          "id": "7:7995652828133619497",
          "name": "delivered",
          "type": 6
        },
        {
          "id": "8:2661004623660279738",
          "name": "read",
          "type": 6
        },
        {
          "id": "9:3513970685961854208",
          "name": "reply",
          "type": 6
        },
        {
          "id": "10:3168672465412237041",
          "name": "tipe",
          "type": 9
        },
        {
          "id": "11:1010661106066567316",
          "name": "content",
          "type": 9
        },
        {
          "id": "12:4539408035342182764",
          "name": "text",
          "type": 9
        },
        {
          "id": "13:7583734201132911294",
          "name": "sendStatus",
          "type": 9
        },
        {
          "id": "14:5439230035164061236",
          "name": "date",
          "type": 9
        },
        {
          "id": "15:6142441164736144040",
          "name": "idRoom",
          "type": 6
        },
        {
          "id": "16:8715671368957970015",
          "name": "nameSender",
          "type": 9
        },
        {
          "id": "17:1344865564871643261",
          "name": "readDB",
          "type": 6
        }
      ],
      "relations": []
    },
    {
      "id": "2:809924002299303207",
      "lastPropertyId": "7:6603394789764896708",
      "name": "ContactModel",
      "properties": [
        {
          "id": "1:2354852877057924196",
          "name": "id",
          "type": 6,
          "flags": 1
        },
        {
          "id": "2:717101756368192223",
          "name": "userId",
          "type": 6
        },
        {
          "id": "3:6085836598401249653",
          "name": "email",
          "type": 9
        },
        {
          "id": "4:6037396541718342597",
          "name": "userName",
          "type": 9
        },
        {
          "id": "5:2370028828191938852",
          "name": "photo",
          "type": 9
        },
        {
          "id": "6:4521585135174361971",
          "name": "select",
          "type": 1
        },
        {
          "id": "7:6603394789764896708",
          "name": "phone",
          "type": 9
        }
      ],
      "relations": []
    },
    {
      "id": "3:2654284281993313534",
      "lastPropertyId": "13:8204507196677600301",
      "name": "ConversationModel",
      "properties": [
        {
          "id": "1:8223511450883926390",
          "name": "id",
          "type": 6,
          "flags": 1
        },
        {
          "id": "2:3864726649437921943",
          "name": "idReceiver",
          "type": 6
        },
        {
          "id": "3:6376279831486347704",
          "name": "statusReceiver",
          "type": 9
        },
        {
          "id": "4:1724834308802504556",
          "name": "photoProfile",
          "type": 9
        },
        {
          "id": "5:7767890843233508726",
          "name": "fullName",
          "type": 9
        },
        {
          "id": "6:1757543234773971374",
          "name": "image",
          "type": 9
        },
        {
          "id": "7:2481217502380125609",
          "name": "message",
          "type": 9
        },
        {
          "id": "8:3450087208211086611",
          "name": "date",
          "type": 9
        },
        {
          "id": "9:8246280883109281975",
          "name": "messageCout",
          "type": 6
        },
        {
          "id": "10:2949018244159245976",
          "name": "roomId",
          "type": 6
        },
        {
          "id": "11:3960583577149566736",
          "name": "idReceiversGroup",
          "type": 9
        },
        {
          "id": "12:7588542004990021558",
          "name": "select",
          "type": 1
        },
        {
          "id": "13:8204507196677600301",
          "name": "exited",
          "type": 1
        }
      ],
      "relations": []
    },
    {
      "id": "4:1347771217512160246",
      "lastPropertyId": "3:2231019184562705726",
      "name": "Note",
      "properties": [
        {
          "id": "1:8554398302121139322",
          "name": "id",
          "type": 6,
          "flags": 1
        },
        {
          "id": "2:7792458466627635686",
          "name": "text",
          "type": 9
        },
        {
          "id": "3:2231019184562705726",
          "name": "date",
          "type": 10
        }
      ],
      "relations": []
    },
    {
      "id": "5:482287716579701402",
      "lastPropertyId": "12:2666899128845317677",
      "name": "UserModel",
      "properties": [
        {
          "id": "1:3819766976394870339",
          "name": "id",
          "type": 6,
          "flags": 1
        },
        {
          "id": "2:769146633078252544",
          "name": "userId",
          "type": 6
        },
        {
          "id": "3:2240058942075360076",
          "name": "fcmToken",
          "type": 9
        },
        {
          "id": "4:1372291323764360586",
          "name": "photo",
          "type": 9
        },
        {
          "id": "5:4635557706629164512",
          "name": "userName",
          "type": 9
        },
        {
          "id": "6:6873017685322297243",
          "name": "email",
          "type": 9
        },
        {
          "id": "7:2090403142729828773",
          "name": "phone",
          "type": 9
        },
        {
          "id": "8:6049542046117687891",
          "name": "verification_code",
          "type": 6
        },
        {
          "id": "9:9075600564856532606",
          "name": "enable",
          "type": 6
        },
        {
          "id": "10:2308217109749124294",
          "name": "token",
          "type": 9
        },
        {
          "id": "11:2361755993786315467",
          "name": "status",
          "type": 9
        },
        {
          "id": "12:2666899128845317677",
          "name": "idInstall",
          "type": 9
        }
      ],
      "relations": []
    },
    {
      "id": "6:5814450654016316997",
      "lastPropertyId": "3:4330669021005113861",
      "name": "UserPreferenceModel",
      "properties": [
        {
          "id": "1:5432194735903576231",
          "name": "id",
          "type": 6,
          "flags": 1
        },
        {
          "id": "2:5444514287801597900",
          "name": "theme",
          "type": 9
        },
        {
          "id": "3:4330669021005113861",
          "name": "language",
          "type": 9
        }
      ],
      "relations": []
    }
  ],
  "lastEntityId": "6:5814450654016316997",
  "lastIndexId": "0:0",
  "lastRelationId": "0:0",
  "lastSequenceId": "0:0",
  "modelVersion": 5,
  "modelVersionParserMinimum": 5,
  "retiredEntityUids": [],
  "retiredIndexUids": [],
  "retiredPropertyUids": [],
  "retiredRelationUids": [],
  "version": 1
}